site_id,country,indication,eligible_patients_monthly,screen_failure_rate,competing_studies,activation_days,staff_capacity,data_quality_score,recruitment_rate,competition_factor,adjusted_recruitment,risk_level
SITE_001,Germany,Neurology,40,0.33,4,60,1,76,0.15,0.625,2.51,High
SITE_001,Germany,Cardiology,33,0.24,3,60,1,76,0.47,0.69,8.13,High
SITE_001,Germany,Oncology,18,0.29,2,60,1,76,0.28,0.769,2.75,High
SITE_001,Germany,Immunology,34,0.17,0,60,1,76,0.13,1.0,3.67,High
SITE_002,France,Immunology,21,0.33,5,83,1,99,0.18,0.571,1.45,High
SITE_002,France,Cardiology,18,0.11,2,83,1,99,0.16,0.769,1.97,High
SITE_002,France,Neurology,31,0.32,4,83,1,99,0.49,0.625,6.46,High
SITE_002,France,Oncology,19,0.21,1,83,1,99,0.29,0.87,3.79,High
SITE_003,Italy,Cardiology,25,0.23,4,101,4,61,0.43,0.625,5.17,High
SITE_003,Italy,Oncology,27,0.19,4,101,4,61,0.43,0.625,5.88,High
SITE_004,France,Neurology,12,0.1,4,126,2,92,0.37,0.625,2.5,High
SITE_004,France,Immunology,33,0.31,1,126,2,92,0.28,0.87,5.55,High
SITE_004,France,Oncology,33,0.27,0,126,2,92,0.15,1.0,3.61,High
SITE_004,France,Cardiology,10,0.3,3,126,2,92,0.33,0.69,1.59,High
SITE_005,France,Neurology,25,0.19,3,115,6,54,0.27,0.69,3.77,High
SITE_005,France,Immunology,6,0.16,1,115,6,54,0.44,0.87,1.93,High
SITE_006,France,Immunology,15,0.3,0,159,3,96,0.41,1.0,4.3,High
SITE_006,France,Oncology,25,0.3,2,159,3,96,0.43,0.769,5.79,High
SITE_007,France,Cardiology,31,0.24,4,46,1,89,0.3,0.625,4.42,High
SITE_007,France,Oncology,10,0.15,2,46,1,89,0.28,0.769,1.83,High
SITE_008,Italy,Oncology,18,0.13,2,133,7,80,0.48,0.769,5.78,High
SITE_008,Italy,Cardiology,9,0.37,2,133,7,80,0.21,0.769,0.92,High
SITE_009,Italy,Oncology,7,0.37,0,97,8,63,0.28,1.0,1.23,High
SITE_009,Italy,Immunology,30,0.19,1,97,8,63,0.33,0.87,6.98,High
SITE_009,Italy,Neurology,24,0.36,1,97,8,63,0.4,0.87,5.35,High
SITE_009,Italy,Cardiology,22,0.23,4,97,8,63,0.35,0.625,3.71,High
SITE_010,Germany,Neurology,11,0.2,2,92,8,52,0.16,0.769,1.08,High
SITE_010,Germany,Cardiology,29,0.28,0,92,8,52,0.17,1.0,3.55,High
SITE_010,Germany,Oncology,15,0.27,5,92,8,52,0.24,0.571,1.5,High
SITE_011,Italy,Neurology,7,0.25,0,102,5,89,0.3,1.0,1.58,Medium
SITE_011,Italy,Oncology,20,0.27,5,102,5,89,0.29,0.571,2.42,Medium
SITE_011,Italy,Immunology,34,0.2,1,102,5,89,0.31,0.87,7.34,Medium
SITE_012,Poland,Neurology,15,0.13,3,165,6,57,0.37,0.69,3.33,High
SITE_012,Poland,Oncology,9,0.3,1,165,6,57,0.39,0.87,2.14,High
SITE_012,Poland,Cardiology,38,0.13,4,165,6,57,0.47,0.625,9.71,High
SITE_013,Poland,Immunology,16,0.34,4,113,6,68,0.23,0.625,1.52,Medium
SITE_013,Poland,Oncology,12,0.19,5,113,6,68,0.31,0.571,1.72,Medium
SITE_014,Poland,Immunology,15,0.4,2,54,6,52,0.46,0.769,3.18,High
SITE_014,Poland,Neurology,8,0.37,4,54,6,52,0.46,0.625,1.45,High
SITE_015,Germany,Neurology,36,0.32,0,129,5,69,0.2,1.0,4.9,High
SITE_015,Germany,Oncology,5,0.17,5,129,5,69,0.15,0.571,0.36,High
SITE_015,Germany,Immunology,7,0.15,4,129,5,69,0.17,0.625,0.63,High
SITE_016,Spain,Neurology,16,0.25,5,76,10,89,0.16,0.571,1.1,Low
SITE_016,Spain,Oncology,38,0.17,0,76,10,89,0.15,1.0,4.73,Low
SITE_016,Spain,Cardiology,5,0.14,4,76,10,89,0.3,0.625,0.81,Low
SITE_017,Poland,Immunology,31,0.14,2,33,8,54,0.47,0.769,9.64,High
SITE_017,Poland,Cardiology,9,0.22,5,33,8,54,0.3,0.571,1.2,High
SITE_017,Poland,Neurology,15,0.3,1,33,8,54,0.21,0.87,1.92,High
SITE_017,Poland,Oncology,39,0.38,2,33,8,54,0.32,0.769,5.95,High
SITE_018,Germany,Immunology,20,0.39,0,139,2,88,0.47,1.0,5.73,High
SITE_018,Germany,Cardiology,26,0.34,2,139,2,88,0.41,0.769,5.41,High
SITE_019,France,Immunology,17,0.28,3,150,5,61,0.45,0.69,3.8,High
SITE_019,France,Oncology,32,0.22,3,150,5,61,0.25,0.69,4.31,High
SITE_019,France,Neurology,38,0.3,2,150,5,61,0.45,0.769,9.2,High
SITE_019,France,Cardiology,14,0.17,2,150,5,61,0.19,0.769,1.7,High
SITE_020,Poland,Cardiology,10,0.35,1,101,6,68,0.16,0.87,0.9,Medium
SITE_020,Poland,Immunology,16,0.38,3,101,6,68,0.21,0.69,1.44,Medium
SITE_020,Poland,Neurology,10,0.15,2,101,6,68,0.11,0.769,0.72,Medium
SITE_020,Poland,Oncology,9,0.12,1,101,6,68,0.12,0.87,0.83,Medium
SITE_021,Germany,Neurology,23,0.36,4,155,4,100,0.12,0.625,1.1,High
SITE_021,Germany,Cardiology,35,0.15,5,155,4,100,0.2,0.571,3.4,High
SITE_021,Germany,Immunology,13,0.27,5,155,4,100,0.12,0.571,0.65,High
SITE_022,France,Cardiology,35,0.12,2,164,2,54,0.14,0.769,3.32,High
SITE_022,France,Immunology,38,0.35,4,164,2,54,0.49,0.625,7.56,High
SITE_023,Poland,Neurology,33,0.14,4,124,7,81,0.31,0.625,5.5,High
SITE_023,Poland,Immunology,24,0.36,5,124,7,81,0.25,0.571,2.19,High
SITE_024,France,Cardiology,26,0.21,1,102,2,71,0.25,0.87,4.47,High
SITE_024,France,Neurology,31,0.21,1,102,2,71,0.37,0.87,7.88,High
SITE_024,France,Immunology,13,0.38,1,102,2,71,0.47,0.87,3.3,High
SITE_024,France,Oncology,35,0.2,2,102,2,71,0.31,0.769,6.67,High
SITE_025,Poland,Oncology,15,0.32,0,145,7,53,0.38,1.0,3.88,High
SITE_025,Poland,Neurology,12,0.36,5,145,7,53,0.35,0.571,1.53,High
SITE_025,Poland,Cardiology,9,0.13,3,145,7,53,0.13,0.69,0.7,High
SITE_025,Poland,Immunology,31,0.38,4,145,7,53,0.48,0.625,5.77,High
SITE_026,Germany,Neurology,33,0.38,0,97,8,100,0.34,1.0,6.96,Medium
SITE_026,Germany,Cardiology,14,0.13,3,97,8,100,0.17,0.69,1.43,Medium
SITE_027,Italy,Cardiology,23,0.33,5,101,5,84,0.3,0.571,2.64,Medium
SITE_027,Italy,Oncology,33,0.28,0,101,5,84,0.15,1.0,3.56,Medium
SITE_028,Poland,Oncology,12,0.2,4,93,10,89,0.46,0.625,2.76,Medium
SITE_028,Poland,Neurology,34,0.18,4,93,10,89,0.25,0.625,4.36,Medium
SITE_028,Poland,Immunology,24,0.15,1,93,10,89,0.16,0.87,2.84,Medium
SITE_028,Poland,Cardiology,8,0.23,5,93,10,89,0.25,0.571,0.88,Medium
SITE_029,Germany,Oncology,18,0.4,0,122,5,57,0.48,1.0,5.18,High
SITE_029,Germany,Neurology,30,0.14,1,122,5,57,0.35,0.87,7.86,High
SITE_029,Germany,Cardiology,35,0.14,2,122,5,57,0.37,0.769,8.56,High
SITE_029,Germany,Immunology,26,0.1,0,122,5,57,0.43,1.0,10.06,High
SITE_030,France,Neurology,38,0.33,3,31,4,76,0.5,0.69,8.78,Medium
SITE_030,France,Cardiology,8,0.36,4,31,4,76,0.43,0.625,1.38,Medium
SITE_030,France,Oncology,15,0.13,3,31,4,76,0.37,0.69,3.33,Medium
SITE_031,Poland,Neurology,6,0.17,2,132,9,94,0.41,0.769,1.57,High
SITE_031,Poland,Cardiology,10,0.16,0,132,9,94,0.36,1.0,3.02,High
SITE_032,Poland,Neurology,39,0.35,1,121,10,90,0.12,0.87,2.65,High
SITE_032,Poland,Cardiology,29,0.38,4,121,10,90,0.41,0.625,4.61,High
SITE_032,Poland,Immunology,35,0.35,4,121,10,90,0.12,0.625,1.71,High
SITE_032,Poland,Oncology,21,0.14,1,121,10,90,0.3,0.87,4.71,High
SITE_033,France,Neurology,11,0.18,0,152,8,52,0.49,1.0,4.42,High
SITE_033,France,Oncology,30,0.28,3,152,8,52,0.35,0.69,5.22,High
SITE_033,France,Cardiology,6,0.11,1,152,8,52,0.38,0.87,1.77,High
SITE_033,France,Immunology,36,0.15,2,152,8,52,0.17,0.769,4.0,High
SITE_034,Germany,Cardiology,25,0.14,1,68,7,94,0.22,0.87,4.12,Low
SITE_034,Germany,Immunology,39,0.27,3,68,7,94,0.36,0.69,7.07,Low
SITE_034,Germany,Neurology,30,0.38,0,68,7,94,0.3,1.0,5.58,Low
SITE_035,Germany,Neurology,8,0.23,1,50,10,64,0.34,0.87,1.82,High
SITE_035,Germany,Cardiology,19,0.22,3,50,10,64,0.26,0.69,2.66,High
SITE_035,Germany,Immunology,35,0.28,1,50,10,64,0.23,0.87,5.04,High
SITE_035,Germany,Oncology,38,0.23,0,50,10,64,0.29,1.0,8.49,High
SITE_036,Germany,Neurology,24,0.3,3,115,6,85,0.23,0.69,2.67,Medium
SITE_036,Germany,Oncology,13,0.26,4,115,6,85,0.27,0.625,1.62,Medium
SITE_037,France,Cardiology,9,0.25,5,141,6,95,0.31,0.571,1.19,High
SITE_037,France,Immunology,14,0.19,4,141,6,95,0.43,0.625,3.05,High
SITE_037,France,Neurology,18,0.13,2,141,6,95,0.13,0.769,1.57,High
SITE_038,Poland,Neurology,16,0.32,5,103,2,87,0.43,0.571,2.67,High
SITE_038,Poland,Oncology,5,0.36,2,103,2,87,0.16,0.769,0.39,High
SITE_038,Poland,Immunology,18,0.28,4,103,2,87,0.25,0.625,2.02,High
SITE_038,Poland,Cardiology,9,0.39,0,103,2,87,0.41,1.0,2.25,High
SITE_039,Poland,Immunology,28,0.1,4,143,4,97,0.31,0.625,4.88,High
SITE_039,Poland,Neurology,12,0.15,4,143,4,97,0.43,0.625,2.74,High
SITE_039,Poland,Oncology,10,0.4,5,143,4,97,0.44,0.571,1.51,High
SITE_040,France,Oncology,35,0.23,4,89,4,54,0.29,0.625,4.88,High
SITE_040,France,Immunology,38,0.15,0,89,4,54,0.46,1.0,14.86,High
SITE_040,France,Cardiology,38,0.17,0,89,4,54,0.22,1.0,6.94,High
SITE_040,France,Neurology,11,0.28,2,89,4,54,0.3,0.769,1.83,High
SITE_041,Germany,Oncology,25,0.3,3,157,9,82,0.41,0.69,4.95,High
SITE_041,Germany,Immunology,27,0.21,0,157,9,82,0.32,1.0,6.83,High
SITE_042,Poland,Cardiology,18,0.37,3,146,7,93,0.33,0.69,2.58,High
SITE_042,Poland,Immunology,9,0.2,5,146,7,93,0.3,0.571,1.23,High
SITE_042,Poland,Neurology,35,0.13,3,146,7,93,0.26,0.69,5.46,High
SITE_043,Poland,Cardiology,5,0.38,4,77,2,63,0.22,0.625,0.43,High
SITE_043,Poland,Neurology,21,0.28,3,77,2,63,0.21,0.69,2.19,High
SITE_043,Poland,Immunology,5,0.31,3,77,2,63,0.49,0.69,1.17,High
SITE_043,Poland,Oncology,27,0.29,5,77,2,63,0.4,0.571,4.38,High
SITE_044,France,Immunology,36,0.13,3,124,8,73,0.28,0.69,6.05,High
SITE_044,France,Neurology,31,0.27,5,124,8,73,0.49,0.571,6.33,High
SITE_044,France,Cardiology,28,0.4,0,124,8,73,0.39,1.0,6.55,High
SITE_045,Spain,Cardiology,39,0.4,2,36,6,89,0.29,0.769,5.22,Low
SITE_045,Spain,Neurology,16,0.22,5,36,6,89,0.42,0.571,2.99,Low
SITE_045,Spain,Immunology,28,0.27,0,36,6,89,0.42,1.0,8.58,Low
SITE_045,Spain,Oncology,14,0.35,5,36,6,89,0.11,0.571,0.57,Low
SITE_046,Germany,Immunology,28,0.36,4,131,8,86,0.4,0.625,4.48,High
SITE_046,Germany,Oncology,19,0.11,4,131,8,86,0.19,0.625,2.01,High
SITE_046,Germany,Cardiology,8,0.36,3,131,8,86,0.1,0.69,0.35,High
SITE_047,Poland,Immunology,26,0.17,4,90,7,95,0.44,0.625,5.93,Low
SITE_047,Poland,Neurology,23,0.36,2,90,7,95,0.22,0.769,2.49,Low
SITE_047,Poland,Oncology,30,0.22,3,90,7,95,0.21,0.69,3.39,Low
SITE_048,France,Cardiology,34,0.4,3,97,8,71,0.26,0.69,3.66,Medium
SITE_048,France,Immunology,15,0.14,0,97,8,71,0.5,1.0,6.45,Medium
SITE_048,France,Neurology,25,0.31,4,97,8,71,0.26,0.625,2.8,Medium
SITE_048,France,Oncology,26,0.37,1,97,8,71,0.15,0.87,2.14,Medium
SITE_049,France,Oncology,5,0.24,5,82,3,78,0.24,0.571,0.52,High
SITE_049,France,Cardiology,27,0.23,5,82,3,78,0.4,0.571,4.75,High
SITE_050,Poland,Cardiology,16,0.37,1,88,3,78,0.4,0.87,3.51,High
SITE_050,Poland,Immunology,24,0.28,3,88,3,78,0.22,0.69,2.62,High
SITE_050,Poland,Neurology,28,0.17,1,88,3,78,0.16,0.87,3.24,High
SITE_051,Spain,Immunology,33,0.23,5,67,8,79,0.5,0.571,7.25,Medium
SITE_051,Spain,Oncology,22,0.3,1,67,8,79,0.46,0.87,6.16,Medium
SITE_051,Spain,Cardiology,34,0.34,2,67,8,79,0.32,0.769,5.52,Medium
SITE_052,Germany,Oncology,23,0.23,0,78,10,89,0.48,1.0,8.5,Low
SITE_052,Germany,Cardiology,6,0.13,1,78,10,89,0.2,0.87,0.91,Low
SITE_053,Germany,Cardiology,6,0.13,3,149,4,52,0.12,0.69,0.43,High
SITE_053,Germany,Neurology,18,0.31,2,149,4,52,0.22,0.769,2.1,High
SITE_053,Germany,Oncology,12,0.22,1,149,4,52,0.1,0.87,0.81,High
SITE_054,France,Oncology,23,0.25,0,54,1,55,0.27,1.0,4.66,High
SITE_054,France,Cardiology,16,0.33,2,54,1,55,0.2,0.769,1.65,High
SITE_055,Poland,Neurology,29,0.17,4,168,5,94,0.47,0.625,7.07,High
SITE_055,Poland,Oncology,16,0.11,2,168,5,94,0.38,0.769,4.16,High
SITE_056,France,Neurology,38,0.1,5,78,2,51,0.11,0.571,2.15,High
SITE_056,France,Oncology,11,0.13,4,78,2,51,0.2,0.625,1.2,High
SITE_057,Italy,Cardiology,5,0.36,3,133,9,75,0.17,0.69,0.38,High
SITE_057,Italy,Oncology,27,0.33,5,133,9,75,0.2,0.571,2.07,High
SITE_058,Poland,Immunology,40,0.21,4,176,7,96,0.23,0.625,4.54,High
SITE_058,Poland,Neurology,34,0.34,0,176,7,96,0.19,1.0,4.26,High
SITE_059,Italy,Cardiology,17,0.11,4,160,1,87,0.39,0.625,3.69,High
SITE_059,Italy,Oncology,10,0.31,1,160,1,87,0.23,0.87,1.38,High
SITE_059,Italy,Immunology,31,0.37,0,160,1,87,0.15,1.0,2.93,High
SITE_060,France,Neurology,14,0.1,0,106,2,100,0.5,1.0,6.3,High
SITE_060,France,Cardiology,25,0.14,3,106,2,100,0.46,0.69,6.82,High
SITE_060,France,Immunology,8,0.26,5,106,2,100,0.35,0.571,1.18,High
SITE_060,France,Oncology,11,0.12,1,106,2,100,0.34,0.87,2.86,High
SITE_061,Germany,Cardiology,6,0.17,3,156,2,50,0.45,0.69,1.55,High
SITE_061,Germany,Neurology,35,0.28,1,156,2,50,0.32,0.87,7.02,High
SITE_062,France,Cardiology,30,0.23,5,115,3,88,0.31,0.571,4.09,High
SITE_062,France,Neurology,38,0.34,0,115,3,88,0.31,1.0,7.77,High
SITE_062,France,Immunology,20,0.13,2,115,3,88,0.46,0.769,6.16,High
SITE_063,Italy,Neurology,29,0.36,1,175,3,59,0.47,0.87,7.59,High
SITE_063,Italy,Cardiology,13,0.24,1,175,3,59,0.39,0.87,3.35,High
SITE_063,Italy,Oncology,28,0.21,5,175,3,59,0.31,0.571,3.92,High
SITE_064,Germany,Oncology,37,0.36,5,97,2,89,0.14,0.571,1.89,High
SITE_064,Germany,Cardiology,33,0.16,2,97,2,89,0.11,0.769,2.34,High
SITE_064,Germany,Neurology,31,0.39,5,97,2,89,0.39,0.571,4.21,High
SITE_064,Germany,Immunology,18,0.37,3,97,2,89,0.23,0.69,1.8,High
SITE_065,Spain,Immunology,38,0.24,0,31,7,79,0.25,1.0,7.22,Medium
SITE_065,Spain,Cardiology,12,0.22,4,31,7,79,0.17,0.625,0.99,Medium
SITE_065,Spain,Neurology,9,0.31,0,31,7,79,0.48,1.0,2.98,Medium
SITE_066,Spain,Oncology,22,0.16,1,163,4,64,0.31,0.87,4.98,High
SITE_066,Spain,Immunology,7,0.18,2,163,4,64,0.12,0.769,0.53,High
SITE_066,Spain,Neurology,5,0.39,2,163,4,64,0.36,0.769,0.84,High
SITE_066,Spain,Cardiology,29,0.13,2,163,4,64,0.2,0.769,3.88,High
SITE_067,Germany,Immunology,8,0.39,5,162,8,95,0.48,0.571,1.34,High
SITE_067,Germany,Oncology,26,0.14,0,162,8,95,0.22,1.0,4.92,High
SITE_068,Spain,Oncology,23,0.18,0,123,5,77,0.16,1.0,3.02,High
SITE_068,Spain,Neurology,8,0.28,5,123,5,77,0.39,0.571,1.28,High
SITE_068,Spain,Immunology,31,0.21,1,123,5,77,0.26,0.87,5.54,High
SITE_069,Germany,Immunology,37,0.13,2,91,2,61,0.44,0.769,10.89,High
SITE_069,Germany,Neurology,14,0.15,3,91,2,61,0.28,0.69,2.3,High
SITE_069,Germany,Cardiology,19,0.17,5,91,2,61,0.44,0.571,3.96,High
SITE_069,Germany,Oncology,30,0.36,4,91,2,61,0.31,0.625,3.72,High
SITE_070,Spain,Immunology,5,0.26,4,171,1,95,0.3,0.625,0.69,High
SITE_070,Spain,Neurology,21,0.26,3,171,1,95,0.27,0.69,2.9,High
SITE_070,Spain,Oncology,18,0.14,0,171,1,95,0.48,1.0,7.43,High
SITE_070,Spain,Cardiology,8,0.39,2,171,1,95,0.17,0.769,0.64,High
SITE_071,Spain,Immunology,10,0.2,5,34,4,56,0.34,0.571,1.55,High
SITE_071,Spain,Oncology,7,0.22,2,34,4,56,0.31,0.769,1.3,High
SITE_071,Spain,Cardiology,28,0.4,1,34,4,56,0.43,0.87,6.28,High
SITE_072,Poland,Immunology,6,0.2,0,132,4,78,0.35,1.0,1.68,High
SITE_072,Poland,Cardiology,33,0.33,3,132,4,78,0.18,0.69,2.75,High
SITE_072,Poland,Neurology,33,0.38,3,132,4,78,0.36,0.69,5.08,High
SITE_072,Poland,Oncology,20,0.1,3,132,4,78,0.21,0.69,2.61,High
SITE_073,Poland,Cardiology,22,0.38,2,53,8,82,0.23,0.769,2.41,Low
SITE_073,Poland,Neurology,19,0.24,4,53,8,82,0.36,0.625,3.25,Low
SITE_073,Poland,Oncology,28,0.24,3,53,8,82,0.48,0.69,7.05,Low
SITE_073,Poland,Immunology,23,0.15,2,53,8,82,0.37,0.769,5.56,Low
SITE_074,Poland,Neurology,40,0.26,4,142,8,64,0.22,0.625,4.07,High
SITE_074,Poland,Immunology,28,0.38,4,142,8,64,0.4,0.625,4.34,High
SITE_074,Poland,Oncology,18,0.22,5,142,8,64,0.39,0.571,3.13,High
SITE_074,Poland,Cardiology,25,0.25,4,142,8,64,0.27,0.625,3.16,High
SITE_075,Poland,Immunology,20,0.14,4,135,5,73,0.37,0.625,3.98,High
SITE_075,Poland,Cardiology,8,0.3,4,135,5,73,0.11,0.625,0.38,High
SITE_076,Italy,Immunology,37,0.14,4,159,8,62,0.21,0.625,4.18,High
SITE_076,Italy,Cardiology,32,0.19,0,159,8,62,0.37,1.0,9.59,High
SITE_076,Italy,Neurology,37,0.16,5,159,8,62,0.32,0.571,5.68,High
SITE_076,Italy,Oncology,24,0.39,4,159,8,62,0.34,0.625,3.11,High
SITE_077,Italy,Neurology,23,0.31,2,78,8,99,0.11,0.769,1.34,Low
SITE_077,Italy,Oncology,24,0.36,2,78,8,99,0.34,0.769,4.02,Low
SITE_078,Spain,Neurology,30,0.29,2,78,9,77,0.23,0.769,3.77,Medium
SITE_078,Spain,Oncology,34,0.37,1,78,9,77,0.47,0.87,8.76,Medium
SITE_078,Spain,Immunology,16,0.39,5,78,9,77,0.4,0.571,2.23,Medium
SITE_079,Poland,Neurology,28,0.19,1,135,3,80,0.33,0.87,6.51,High
SITE_079,Poland,Oncology,14,0.22,1,135,3,80,0.43,0.87,4.09,High
SITE_079,Poland,Immunology,12,0.36,3,135,3,80,0.1,0.69,0.53,High
SITE_079,Poland,Cardiology,11,0.2,2,135,3,80,0.44,0.769,2.98,High
SITE_080,Italy,Oncology,19,0.4,1,121,2,55,0.16,0.87,1.59,High
SITE_080,Italy,Neurology,11,0.23,2,121,2,55,0.47,0.769,3.06,High
SITE_081,Italy,Immunology,33,0.18,2,171,2,80,0.37,0.769,7.7,High
SITE_081,Italy,Neurology,36,0.13,4,171,2,80,0.17,0.625,3.33,High
SITE_082,Poland,Cardiology,29,0.3,0,66,6,65,0.5,1.0,10.15,Medium
SITE_082,Poland,Neurology,40,0.25,0,66,6,65,0.39,1.0,11.7,Medium
SITE_083,Germany,Cardiology,20,0.12,2,74,5,59,0.24,0.769,3.25,High
SITE_083,Germany,Neurology,29,0.34,4,74,5,59,0.43,0.625,5.14,High
SITE_084,Poland,Immunology,12,0.14,5,151,2,75,0.45,0.571,2.65,High
SITE_084,Poland,Cardiology,37,0.15,0,151,2,75,0.31,1.0,9.75,High
SITE_084,Poland,Neurology,15,0.12,0,151,2,75,0.1,1.0,1.32,High
SITE_084,Poland,Oncology,8,0.33,2,151,2,75,0.11,0.769,0.45,High
SITE_085,Spain,Neurology,14,0.26,4,52,1,93,0.43,0.625,2.78,High
SITE_085,Spain,Immunology,6,0.22,0,52,1,93,0.4,1.0,1.87,High
SITE_085,Spain,Cardiology,26,0.33,1,52,1,93,0.3,0.87,4.55,High
SITE_086,France,Neurology,32,0.14,4,124,3,83,0.17,0.625,2.92,High
SITE_086,France,Oncology,8,0.15,0,124,3,83,0.26,1.0,1.77,High
SITE_086,France,Immunology,34,0.4,5,124,3,83,0.36,0.571,4.19,High
SITE_086,France,Cardiology,9,0.23,5,124,3,83,0.45,0.571,1.78,High
SITE_087,Spain,Neurology,39,0.32,1,63,5,83,0.33,0.87,7.61,Medium
SITE_087,Spain,Immunology,31,0.35,3,63,5,83,0.38,0.69,5.28,Medium
SITE_087,Spain,Oncology,21,0.11,0,63,5,83,0.34,1.0,6.35,Medium
SITE_087,Spain,Cardiology,18,0.18,2,63,5,83,0.27,0.769,3.06,Medium
SITE_088,Spain,Cardiology,23,0.19,2,143,3,56,0.37,0.769,5.3,High
SITE_088,Spain,Immunology,25,0.12,2,143,3,56,0.18,0.769,3.05,High
SITE_088,Spain,Oncology,5,0.37,4,143,3,56,0.17,0.625,0.33,High
SITE_088,Spain,Neurology,28,0.37,0,143,3,56,0.29,1.0,5.12,High
SITE_089,France,Immunology,15,0.16,4,118,5,59,0.14,0.625,1.1,High
SITE_089,France,Neurology,19,0.23,1,118,5,59,0.17,0.87,2.16,High
SITE_089,France,Oncology,7,0.36,0,118,5,59,0.23,1.0,1.03,High
SITE_089,France,Cardiology,17,0.12,2,118,5,59,0.24,0.769,2.76,High
SITE_090,Spain,Immunology,6,0.13,5,61,9,95,0.14,0.571,0.42,Low
SITE_090,Spain,Neurology,6,0.29,0,61,9,95,0.15,1.0,0.64,Low
SITE_091,Germany,Oncology,6,0.22,0,51,10,72,0.48,1.0,2.25,Medium
SITE_091,Germany,Cardiology,16,0.27,5,51,10,72,0.17,0.571,1.13,Medium
SITE_091,Germany,Neurology,34,0.39,1,51,10,72,0.3,0.87,5.41,Medium
SITE_091,Germany,Immunology,22,0.39,5,51,10,72,0.26,0.571,1.99,Medium
SITE_092,Spain,Cardiology,33,0.28,5,59,10,55,0.24,0.571,3.26,High
SITE_092,Spain,Immunology,29,0.23,2,59,10,55,0.35,0.769,6.01,High
SITE_092,Spain,Oncology,18,0.38,5,59,10,55,0.26,0.571,1.66,High
SITE_092,Spain,Neurology,32,0.24,1,59,10,55,0.33,0.87,6.98,High
SITE_093,Spain,Immunology,7,0.13,2,78,10,67,0.17,0.769,0.8,Medium
SITE_093,Spain,Oncology,23,0.22,4,78,10,67,0.19,0.625,2.13,Medium
SITE_093,Spain,Cardiology,33,0.33,3,78,10,67,0.2,0.69,3.05,Medium
SITE_094,France,Immunology,39,0.22,0,179,1,83,0.33,1.0,10.04,High
SITE_094,France,Cardiology,38,0.1,3,179,1,83,0.37,0.69,8.73,High
SITE_094,France,Oncology,6,0.27,0,179,1,83,0.4,1.0,1.75,High
SITE_094,France,Neurology,5,0.36,1,179,1,83,0.29,0.87,0.81,High
SITE_095,France,Cardiology,18,0.27,0,162,9,100,0.16,1.0,2.1,High
SITE_095,France,Oncology,14,0.33,0,162,9,100,0.31,1.0,2.91,High
SITE_095,France,Immunology,22,0.39,0,162,9,100,0.44,1.0,5.9,High
SITE_096,Poland,Oncology,19,0.24,4,86,2,55,0.33,0.625,2.98,High
SITE_096,Poland,Cardiology,27,0.28,5,86,2,55,0.27,0.571,3.0,High
SITE_096,Poland,Neurology,38,0.23,2,86,2,55,0.15,0.769,3.38,High
SITE_096,Poland,Immunology,36,0.35,4,86,2,55,0.21,0.625,3.07,High
SITE_097,Italy,Immunology,23,0.31,2,33,10,76,0.17,0.769,2.07,Medium
SITE_097,Italy,Neurology,27,0.21,4,33,10,76,0.35,0.625,4.67,Medium
SITE_098,Germany,Cardiology,21,0.16,0,108,10,60,0.24,1.0,4.23,High
SITE_098,Germany,Immunology,11,0.38,0,108,10,60,0.26,1.0,1.77,High
SITE_099,Spain,Immunology,27,0.23,0,179,9,95,0.11,1.0,2.29,High
SITE_099,Spain,Neurology,20,0.26,2,179,9,95,0.48,0.769,5.46,High
SITE_099,Spain,Cardiology,40,0.11,1,179,9,95,0.22,0.87,6.81,High
SITE_099,Spain,Oncology,30,0.37,2,179,9,95,0.47,0.769,6.83,High
SITE_100,Germany,Immunology,30,0.37,3,156,10,57,0.33,0.69,4.3,High
SITE_100,Germany,Neurology,30,0.23,2,156,10,57,0.13,0.769,2.31,High
SITE_100,Germany,Oncology,11,0.19,5,156,10,57,0.18,0.571,0.92,High
SITE_100,Germany,Cardiology,23,0.39,1,156,10,57,0.14,0.87,1.71,High
